"No.","Protocol","Length","Info","Leftover "
"65","USB","72","URB_INTERRUPT in","0000280000000000"
"69","USB","72","URB_INTERRUPT in","0000280000000000"
"73","USB","72","URB_INTERRUPT in","0000280000000000"
"77","USB","72","URB_INTERRUPT in","0000160000000000"
"81","USB","72","URB_INTERRUPT in","0000180000000000"
"85","USB","72","URB_INTERRUPT in","0000070000000000"
"87","USB","72","URB_INTERRUPT in","0000071200000000"
"89","USB","72","URB_INTERRUPT in","0000120000000000"
"91","USB","72","URB_INTERRUPT in","0000122c00000000"
"93","USB","72","URB_INTERRUPT in","00002c0000000000"
"95","USB","72","URB_INTERRUPT in","0000040000000000"
"97","USB","72","URB_INTERRUPT in","0000041300000000"
"99","USB","72","URB_INTERRUPT in","0000130000000000"
"103","USB","72","URB_INTERRUPT in","0000170000000000"
"107","USB","72","URB_INTERRUPT in","00002d0000000000"
"111","USB","72","URB_INTERRUPT in","00000a0000000000"
"115","USB","72","URB_INTERRUPT in","0000080000000000"
"117","USB","72","URB_INTERRUPT in","0000081700000000"
"119","USB","72","URB_INTERRUPT in","0000170000000000"
"121","USB","72","URB_INTERRUPT in","0000172c00000000"
"123","USB","72","URB_INTERRUPT in","00002c0000000000"
"127","USB","72","URB_INTERRUPT in","0000180000000000"
"129","USB","72","URB_INTERRUPT in","0000181300000000"
"131","USB","72","URB_INTERRUPT in","0000181307000000"
"133","USB","72","URB_INTERRUPT in","0000071300000000"
"135","USB","72","URB_INTERRUPT in","0000130400000000"
"137","USB","72","URB_INTERRUPT in","0000040000000000"
"139","USB","72","URB_INTERRUPT in","0000041700000000"
"141","USB","72","URB_INTERRUPT in","0000081700000000"
"143","USB","72","URB_INTERRUPT in","0000080000000000"
"147","USB","72","URB_INTERRUPT in","0000280000000000"
"151","USB","72","URB_INTERRUPT in","0000180000000000"
"153","USB","72","URB_INTERRUPT in","0000181600000000"
"155","USB","72","URB_INTERRUPT in","0000160000000000"
"157","USB","72","URB_INTERRUPT in","0000160800000000"
"159","USB","72","URB_INTERRUPT in","0000160815000000"
"161","USB","72","URB_INTERRUPT in","0000150800000000"
"163","USB","72","URB_INTERRUPT in","0000150000000000"
"167","USB","72","URB_INTERRUPT in","0000280000000000"
"171","USB","72","URB_INTERRUPT in","0000160000000000"
"175","USB","72","URB_INTERRUPT in","0000180000000000"
"177","USB","72","URB_INTERRUPT in","0000180700000000"
"179","USB","72","URB_INTERRUPT in","0000070000000000"
"183","USB","72","URB_INTERRUPT in","0000120000000000"
"185","USB","72","URB_INTERRUPT in","0000122c00000000"
"187","USB","72","URB_INTERRUPT in","00002c0000000000"
"191","USB","72","URB_INTERRUPT in","0000040000000000"
"193","USB","72","URB_INTERRUPT in","0000041300000000"
"195","USB","72","URB_INTERRUPT in","0000130000000000"
"199","USB","72","URB_INTERRUPT in","0000170000000000"
"203","USB","72","URB_INTERRUPT in","00002d0000000000"
"207","USB","72","URB_INTERRUPT in","00000a0000000000"
"211","USB","72","URB_INTERRUPT in","0000080000000000"
"213","USB","72","URB_INTERRUPT in","0000081700000000"
"215","USB","72","URB_INTERRUPT in","0000170000000000"
"217","USB","72","URB_INTERRUPT in","0000172c00000000"
"219","USB","72","URB_INTERRUPT in","00002c0000000000"
"223","USB","72","URB_INTERRUPT in","00000c0000000000"
"225","USB","72","URB_INTERRUPT in","00000c1100000000"
"227","USB","72","URB_INTERRUPT in","00000c1116000000"
"229","USB","72","URB_INTERRUPT in","0000161100000000"
"231","USB","72","URB_INTERRUPT in","0000160000000000"
"235","USB","72","URB_INTERRUPT in","0000170000000000"
"237","USB","72","URB_INTERRUPT in","0000170400000000"
"239","USB","72","URB_INTERRUPT in","0000040000000000"
"241","USB","72","URB_INTERRUPT in","0000040f00000000"
"243","USB","72","URB_INTERRUPT in","0000040000000000"
"247","USB","72","URB_INTERRUPT in","00000f0000000000"
"249","USB","72","URB_INTERRUPT in","00000f2c00000000"
"251","USB","72","URB_INTERRUPT in","00002c0000000000"
"253","USB","72","URB_INTERRUPT in","00002c1a00000000"
"255","USB","72","URB_INTERRUPT in","00001a0000000000"
"257","USB","72","URB_INTERRUPT in","00001a0800000000"
"259","USB","72","URB_INTERRUPT in","0000080000000000"
"263","USB","72","URB_INTERRUPT in","0000080000000000"
"267","USB","72","URB_INTERRUPT in","0000060000000000"
"271","USB","72","URB_INTERRUPT in","00000b0000000000"
"273","USB","72","URB_INTERRUPT in","00000b0400000000"
"275","USB","72","URB_INTERRUPT in","0000040000000000"
"277","USB","72","URB_INTERRUPT in","0000041700000000"
"279","USB","72","URB_INTERRUPT in","0000170000000000"
"283","USB","72","URB_INTERRUPT in","0000280000000000"
"287","USB","72","URB_INTERRUPT in","0200000000000000"
"289","USB","72","URB_INTERRUPT in","02001c0000000000"
"291","USB","72","URB_INTERRUPT in","0200000000000000"
"295","USB","72","URB_INTERRUPT in","0000280000000000"
"299","USB","72","URB_INTERRUPT in","00001a0000000000"
"301","USB","72","URB_INTERRUPT in","00001a0800000000"
"303","USB","72","URB_INTERRUPT in","0000080000000000"
"307","USB","72","URB_INTERRUPT in","0000080000000000"
"311","USB","72","URB_INTERRUPT in","0000060000000000"
"315","USB","72","URB_INTERRUPT in","00000b0000000000"
"317","USB","72","URB_INTERRUPT in","00000b0400000000"
"319","USB","72","URB_INTERRUPT in","0000040000000000"
"323","USB","72","URB_INTERRUPT in","0000170000000000"
"327","USB","72","URB_INTERRUPT in","0000280000000000"
"331","USB","72","URB_INTERRUPT in","0000380000000000"
"335","USB","72","URB_INTERRUPT in","0000060000000000"
"339","USB","72","URB_INTERRUPT in","0000120000000000"
"341","USB","72","URB_INTERRUPT in","0000121100000000"
"343","USB","72","URB_INTERRUPT in","0000110000000000"
"347","USB","72","URB_INTERRUPT in","0000110000000000"
"351","USB","72","URB_INTERRUPT in","0000080000000000"
"353","USB","72","URB_INTERRUPT in","0000080600000000"
"355","USB","72","URB_INTERRUPT in","0000060000000000"
"359","USB","72","URB_INTERRUPT in","0000170000000000"
"363","USB","72","URB_INTERRUPT in","00002c0000000000"
"367","USB","72","URB_INTERRUPT in","0000060000000000"
"371","USB","72","URB_INTERRUPT in","00000b0000000000"
"373","USB","72","URB_INTERRUPT in","00000b0400000000"
"375","USB","72","URB_INTERRUPT in","0000040000000000"
"377","USB","72","URB_INTERRUPT in","0000041700000000"
"379","USB","72","URB_INTERRUPT in","0000170000000000"
"383","USB","72","URB_INTERRUPT in","0000370000000000"
"387","USB","72","URB_INTERRUPT in","0000090000000000"
"391","USB","72","URB_INTERRUPT in","0000150000000000"
"393","USB","72","URB_INTERRUPT in","0000150800000000"
"395","USB","72","URB_INTERRUPT in","0000150000000000"
"399","USB","72","URB_INTERRUPT in","0000080000000000"
"403","USB","72","URB_INTERRUPT in","0000110000000000"
"405","USB","72","URB_INTERRUPT in","0000111200000000"
"407","USB","72","URB_INTERRUPT in","0000120000000000"
"409","USB","72","URB_INTERRUPT in","0000120700000000"
"411","USB","72","URB_INTERRUPT in","0000070000000000"
"415","USB","72","URB_INTERRUPT in","0000080000000000"
"417","USB","72","URB_INTERRUPT in","0000083700000000"
"419","USB","72","URB_INTERRUPT in","0000370000000000"
"423","USB","72","URB_INTERRUPT in","0000110000000000"
"425","USB","72","URB_INTERRUPT in","0000110800000000"
"427","USB","72","URB_INTERRUPT in","0000080000000000"
"429","USB","72","URB_INTERRUPT in","0000081700000000"
"431","USB","72","URB_INTERRUPT in","0000170000000000"
"435","USB","72","URB_INTERRUPT in","0000280000000000"
"439","USB","72","URB_INTERRUPT in","0000380000000000"
"443","USB","72","URB_INTERRUPT in","0000160000000000"
"445","USB","72","URB_INTERRUPT in","0000160800000000"
"447","USB","72","URB_INTERRUPT in","0000160815000000"
"449","USB","72","URB_INTERRUPT in","0000150800000000"
"451","USB","72","URB_INTERRUPT in","0000150000000000"
"455","USB","72","URB_INTERRUPT in","0000190000000000"
"459","USB","72","URB_INTERRUPT in","0000080000000000"
"461","USB","72","URB_INTERRUPT in","0000081500000000"
"463","USB","72","URB_INTERRUPT in","0000150000000000"
"465","USB","72","URB_INTERRUPT in","0000152c00000000"
"467","USB","72","URB_INTERRUPT in","00002c0000000000"
"469","USB","72","URB_INTERRUPT in","0000040000000000"
"471","USB","72","URB_INTERRUPT in","0000040700000000"
"475","USB","72","URB_INTERRUPT in","0000070000000000"
"479","USB","72","URB_INTERRUPT in","00002c0000000000"
"483","USB","72","URB_INTERRUPT in","0000090000000000"
"487","USB","72","URB_INTERRUPT in","0000150000000000"
"489","USB","72","URB_INTERRUPT in","0000150800000000"
"493","USB","72","URB_INTERRUPT in","0000080000000000"
"497","USB","72","URB_INTERRUPT in","0000110000000000"
"499","USB","72","URB_INTERRUPT in","0000111200000000"
"501","USB","72","URB_INTERRUPT in","0000120000000000"
"503","USB","72","URB_INTERRUPT in","0000120700000000"
"505","USB","72","URB_INTERRUPT in","0000070000000000"
"509","USB","72","URB_INTERRUPT in","0000080000000000"
"513","USB","72","URB_INTERRUPT in","00002c0000000000"
"517","USB","72","URB_INTERRUPT in","0000060000000000"
"521","USB","72","URB_INTERRUPT in","00000b0000000000"
"523","USB","72","URB_INTERRUPT in","00000b0400000000"
"525","USB","72","URB_INTERRUPT in","0000040000000000"
"527","USB","72","URB_INTERRUPT in","0000041700000000"
"529","USB","72","URB_INTERRUPT in","0000170000000000"
"533","USB","72","URB_INTERRUPT in","0000370000000000"
"537","USB","72","URB_INTERRUPT in","0000090000000000"
"541","USB","72","URB_INTERRUPT in","0000150000000000"
"543","USB","72","URB_INTERRUPT in","0000150800000000"
"547","USB","72","URB_INTERRUPT in","0000080000000000"
"551","USB","72","URB_INTERRUPT in","0000110000000000"
"553","USB","72","URB_INTERRUPT in","0000111200000000"
"555","USB","72","URB_INTERRUPT in","0000120000000000"
"557","USB","72","URB_INTERRUPT in","0000120700000000"
"559","USB","72","URB_INTERRUPT in","0000120000000000"
"563","USB","72","URB_INTERRUPT in","0000080000000000"
"567","USB","72","URB_INTERRUPT in","0000370000000000"
"571","USB","72","URB_INTERRUPT in","0000110000000000"
"575","USB","72","URB_INTERRUPT in","0000080000000000"
"577","USB","72","URB_INTERRUPT in","0000081700000000"
"579","USB","72","URB_INTERRUPT in","0000170000000000"
"583","USB","72","URB_INTERRUPT in","0000280000000000"
"587","USB","72","URB_INTERRUPT in","2000380000000000"
"589","USB","72","URB_INTERRUPT in","0000380000000000"
"593","USB","72","URB_INTERRUPT in","00002a0000000000"
"597","USB","72","URB_INTERRUPT in","0000380000000000"
"601","USB","72","URB_INTERRUPT in","0000060000000000"
"605","USB","72","URB_INTERRUPT in","0000120000000000"
"607","USB","72","URB_INTERRUPT in","0000121100000000"
"609","USB","72","URB_INTERRUPT in","0000110000000000"
"613","USB","72","URB_INTERRUPT in","0000110000000000"
"617","USB","72","URB_INTERRUPT in","0000080000000000"
"619","USB","72","URB_INTERRUPT in","0000080600000000"
"621","USB","72","URB_INTERRUPT in","0000060000000000"
"625","USB","72","URB_INTERRUPT in","0000170000000000"
"629","USB","72","URB_INTERRUPT in","00002c0000000000"
"633","USB","72","URB_INTERRUPT in","0000090000000000"
"637","USB","72","URB_INTERRUPT in","0000150000000000"
"639","USB","72","URB_INTERRUPT in","0000150800000000"
"641","USB","72","URB_INTERRUPT in","0000150000000000"
"645","USB","72","URB_INTERRUPT in","0000080000000000"
"649","USB","72","URB_INTERRUPT in","0000110000000000"
"651","USB","72","URB_INTERRUPT in","0000111200000000"
"653","USB","72","URB_INTERRUPT in","0000120000000000"
"655","USB","72","URB_INTERRUPT in","0000120700000000"
"657","USB","72","URB_INTERRUPT in","0000070000000000"
"661","USB","72","URB_INTERRUPT in","0000080000000000"
"665","USB","72","URB_INTERRUPT in","0000280000000000"
"669","USB","72","URB_INTERRUPT in","0000380000000000"
"673","USB","72","URB_INTERRUPT in","0000110000000000"
"675","USB","72","URB_INTERRUPT in","00000c0000000000"
"679","USB","72","URB_INTERRUPT in","0000060000000000"
"681","USB","72","URB_INTERRUPT in","0000060e00000000"
"683","USB","72","URB_INTERRUPT in","00000e0000000000"
"687","USB","72","URB_INTERRUPT in","00002c0000000000"
"691","USB","72","URB_INTERRUPT in","00000a0000000000"
"695","USB","72","URB_INTERRUPT in","0000120000000000"
"699","USB","72","URB_INTERRUPT in","0000120000000000"
"703","USB","72","URB_INTERRUPT in","0000160000000000"
"705","USB","72","URB_INTERRUPT in","0000160800000000"
"707","USB","72","URB_INTERRUPT in","0000080000000000"
"711","USB","72","URB_INTERRUPT in","0000280000000000"
"715","USB","72","URB_INTERRUPT in","0000380000000000"
"719","USB","72","URB_INTERRUPT in","0000110000000000"
"721","USB","72","URB_INTERRUPT in","00000c0000000000"
"725","USB","72","URB_INTERRUPT in","0000060000000000"
"727","USB","72","URB_INTERRUPT in","0000060e00000000"
"729","USB","72","URB_INTERRUPT in","00000e0000000000"
"733","USB","72","URB_INTERRUPT in","00002c0000000000"
"737","USB","72","URB_INTERRUPT in","0000170000000000"
"741","USB","72","URB_INTERRUPT in","00000b0000000000"
"745","USB","72","URB_INTERRUPT in","0000080000000000"
"749","USB","72","URB_INTERRUPT in","00000a0000000000"
"753","USB","72","URB_INTERRUPT in","00000b0000000000"
"757","USB","72","URB_INTERRUPT in","0000120000000000"
"761","USB","72","URB_INTERRUPT in","0000120000000000"
"765","USB","72","URB_INTERRUPT in","0000160000000000"
"767","USB","72","URB_INTERRUPT in","0000160800000000"
"771","USB","72","URB_INTERRUPT in","00002a0000000000"
"775","USB","72","URB_INTERRUPT in","00002a0000000000"
"779","USB","72","URB_INTERRUPT in","00002a0000000000"
"783","USB","72","URB_INTERRUPT in","00002a0000000000"
"787","USB","72","URB_INTERRUPT in","00002a0000000000"
"791","USB","72","URB_INTERRUPT in","0000120000000000"
"795","USB","72","URB_INTERRUPT in","0000120000000000"
"799","USB","72","URB_INTERRUPT in","0000160000000000"
"801","USB","72","URB_INTERRUPT in","0000160800000000"
"803","USB","72","URB_INTERRUPT in","0000080000000000"
"807","USB","72","URB_INTERRUPT in","0000280000000000"
"811","USB","72","URB_INTERRUPT in","0000380000000000"
"815","USB","72","URB_INTERRUPT in","0000100000000000"
"819","USB","72","URB_INTERRUPT in","0000160000000000"
"821","USB","72","URB_INTERRUPT in","00000a0000000000"
"825","USB","72","URB_INTERRUPT in","00002c0000000000"
"829","USB","72","URB_INTERRUPT in","00000b0000000000"
"831","USB","72","URB_INTERRUPT in","00000b0400000000"
"833","USB","72","URB_INTERRUPT in","0000040000000000"
"835","USB","72","URB_INTERRUPT in","0000040f00000000"
"837","USB","72","URB_INTERRUPT in","00000f0000000000"
"841","USB","72","URB_INTERRUPT in","0000260000000000"
"843","USB","72","URB_INTERRUPT in","0000262700000000"
"845","USB","72","URB_INTERRUPT in","0000270000000000"
"849","USB","72","URB_INTERRUPT in","0000270000000000"
"853","USB","72","URB_INTERRUPT in","0000270000000000"
"857","USB","72","URB_INTERRUPT in","0000280000000000"
"861","USB","72","URB_INTERRUPT in","0000380000000000"
"865","USB","72","URB_INTERRUPT in","0000140000000000"
"867","USB","72","URB_INTERRUPT in","0000180000000000"
"871","USB","72","URB_INTERRUPT in","0000080000000000"
"873","USB","72","URB_INTERRUPT in","0000081500000000"
"875","USB","72","URB_INTERRUPT in","0000150000000000"
"877","USB","72","URB_INTERRUPT in","0000151c00000000"
"879","USB","72","URB_INTERRUPT in","00001c0000000000"
"881","USB","72","URB_INTERRUPT in","00001c2c00000000"
"883","USB","72","URB_INTERRUPT in","00002c0000000000"
"887","USB","72","URB_INTERRUPT in","00000b0000000000"
"889","USB","72","URB_INTERRUPT in","00000b0400000000"
"891","USB","72","URB_INTERRUPT in","0000040000000000"
"893","USB","72","URB_INTERRUPT in","0000040f00000000"
"895","USB","72","URB_INTERRUPT in","00000f0000000000"
"899","USB","72","URB_INTERRUPT in","0000260000000000"
"901","USB","72","URB_INTERRUPT in","0000262700000000"
"903","USB","72","URB_INTERRUPT in","0000270000000000"
"907","USB","72","URB_INTERRUPT in","0000270000000000"
"911","USB","72","URB_INTERRUPT in","0000270000000000"
"915","USB","72","URB_INTERRUPT in","0000280000000000"
"919","USB","72","URB_INTERRUPT in","0000170000000000"
"921","USB","72","URB_INTERRUPT in","00000c1600000000"
"923","USB","72","URB_INTERRUPT in","0000160000000000"
"927","USB","72","URB_INTERRUPT in","00002c0000000000"
"931","USB","72","URB_INTERRUPT in","00002a0000000000"
"935","USB","72","URB_INTERRUPT in","00002a0000000000"
"939","USB","72","URB_INTERRUPT in","00002a0000000000"
"943","USB","72","URB_INTERRUPT in","00002a0000000000"
"947","USB","72","URB_INTERRUPT in","00002a0000000000"
"951","USB","72","URB_INTERRUPT in","0000170000000000"
"955","USB","72","URB_INTERRUPT in","00000b0000000000"
"957","USB","72","URB_INTERRUPT in","00000b0c00000000"
"959","USB","72","URB_INTERRUPT in","00000c0000000000"
"961","USB","72","URB_INTERRUPT in","00000c1600000000"
"963","USB","72","URB_INTERRUPT in","0000160000000000"
"967","USB","72","URB_INTERRUPT in","00002c0000000000"
"971","USB","72","URB_INTERRUPT in","0000100000000000"
"975","USB","72","URB_INTERRUPT in","00000c0000000000"
"979","USB","72","URB_INTERRUPT in","0000160000000000"
"983","USB","72","URB_INTERRUPT in","0000160000000000"
"985","USB","72","URB_INTERRUPT in","0000160c00000000"
"987","USB","72","URB_INTERRUPT in","0000120000000000"
"989","USB","72","URB_INTERRUPT in","0000121100000000"
"991","USB","72","URB_INTERRUPT in","0000110000000000"
"993","USB","72","URB_INTERRUPT in","0000112c00000000"
"995","USB","72","URB_INTERRUPT in","00002c0000000000"
"997","USB","72","URB_INTERRUPT in","00002c0c00000000"
"999","USB","72","URB_INTERRUPT in","00000c0000000000"
"1003","USB","72","URB_INTERRUPT in","0000160000000000"
"1007","USB","72","URB_INTERRUPT in","00002c0000000000"
"1011","USB","72","URB_INTERRUPT in","0000170000000000"
"1015","USB","72","URB_INTERRUPT in","0000120000000000"
"1019","USB","72","URB_INTERRUPT in","0000120000000000"
"1023","USB","72","URB_INTERRUPT in","00002c0000000000"
"1027","USB","72","URB_INTERRUPT in","00000c0000000000"
"1029","USB","72","URB_INTERRUPT in","00000c1000000000"
"1031","USB","72","URB_INTERRUPT in","0000100000000000"
"1033","USB","72","URB_INTERRUPT in","0000101300000000"
"1035","USB","72","URB_INTERRUPT in","0000130000000000"
"1037","USB","72","URB_INTERRUPT in","0000131200000000"
"1039","USB","72","URB_INTERRUPT in","0000120000000000"
"1043","USB","72","URB_INTERRUPT in","0000150000000000"
"1047","USB","72","URB_INTERRUPT in","0000170000000000"
"1049","USB","72","URB_INTERRUPT in","0000170400000000"
"1051","USB","72","URB_INTERRUPT in","0000040000000000"
"1053","USB","72","URB_INTERRUPT in","0000110000000000"
"1057","USB","72","URB_INTERRUPT in","0000170000000000"
"1061","USB","72","URB_INTERRUPT in","00002c0000000000"
"1063","USB","72","URB_INTERRUPT in","0000090000000000"
"1065","USB","72","URB_INTERRUPT in","0000120000000000"
"1069","USB","72","URB_INTERRUPT in","0000150000000000"
"1073","USB","72","URB_INTERRUPT in","00002c0000000000"
"1077","USB","72","URB_INTERRUPT in","0000100000000000"
"1081","USB","72","URB_INTERRUPT in","0000080000000000"
"1085","USB","72","URB_INTERRUPT in","00002c0000000000"
"1089","USB","72","URB_INTERRUPT in","0000170000000000"
"1093","USB","72","URB_INTERRUPT in","0000120000000000"
"1095","USB","72","URB_INTERRUPT in","0000122c00000000"
"1097","USB","72","URB_INTERRUPT in","00002c0000000000"
"1099","USB","72","URB_INTERRUPT in","00002c0400000000"
"1101","USB","72","URB_INTERRUPT in","0000040000000000"
"1105","USB","72","URB_INTERRUPT in","00000f0000000000"
"1109","USB","72","URB_INTERRUPT in","00000f0000000000"
"1113","USB","72","URB_INTERRUPT in","0000120000000000"
"1117","USB","72","URB_INTERRUPT in","00001a0000000000"
"1119","USB","72","URB_INTERRUPT in","00002c0000000000"
"1121","USB","72","URB_INTERRUPT in","00002c1c00000000"
"1123","USB","72","URB_INTERRUPT in","00001c0000000000"
"1127","USB","72","URB_INTERRUPT in","0000120000000000"
"1129","USB","72","URB_INTERRUPT in","0000121800000000"
"1131","USB","72","URB_INTERRUPT in","0000180000000000"
"1133","USB","72","URB_INTERRUPT in","0000182c00000000"
"1135","USB","72","URB_INTERRUPT in","00002c0000000000"
"1137","USB","72","URB_INTERRUPT in","00002c1700000000"
"1139","USB","72","URB_INTERRUPT in","0000170000000000"
"1143","USB","72","URB_INTERRUPT in","0000120000000000"
"1145","USB","72","URB_INTERRUPT in","0000122c00000000"
"1147","USB","72","URB_INTERRUPT in","00002c0000000000"
"1151","USB","72","URB_INTERRUPT in","00000d0000000000"
"1155","USB","72","URB_INTERRUPT in","0000080000000000"
"1159","USB","72","URB_INTERRUPT in","0000120000000000"
"1161","USB","72","URB_INTERRUPT in","0000130000000000"
"1163","USB","72","URB_INTERRUPT in","0000130400000000"
"1165","USB","72","URB_INTERRUPT in","0000040000000000"
"1167","USB","72","URB_INTERRUPT in","0000041500000000"
"1169","USB","72","URB_INTERRUPT in","0000150000000000"
"1171","USB","72","URB_INTERRUPT in","0000150700000000"
"1173","USB","72","URB_INTERRUPT in","0000070000000000"
"1177","USB","72","URB_INTERRUPT in","00000c0000000000"
"1181","USB","72","URB_INTERRUPT in","00001d0000000000"
"1183","USB","72","URB_INTERRUPT in","00001d0800000000"
"1185","USB","72","URB_INTERRUPT in","0000080000000000"
"1189","USB","72","URB_INTERRUPT in","00002c0000000000"
"1191","USB","72","URB_INTERRUPT in","00002c0c00000000"
"1193","USB","72","URB_INTERRUPT in","00000c0000000000"
"1195","USB","72","URB_INTERRUPT in","00000c1700000000"
"1197","USB","72","URB_INTERRUPT in","0000170000000000"
"1201","USB","72","URB_INTERRUPT in","0000280000000000"
"1205","USB","72","URB_INTERRUPT in","0000090000000000"
"1209","USB","72","URB_INTERRUPT in","00000f0000000000"
"1213","USB","72","URB_INTERRUPT in","0000040000000000"
"1215","USB","72","URB_INTERRUPT in","0000040a00000000"
"1217","USB","72","URB_INTERRUPT in","00000a0000000000"
"1221","USB","72","URB_INTERRUPT in","00002c0000000000"
"1225","USB","72","URB_INTERRUPT in","0200000000000000"
"1229","USB","72","URB_INTERRUPT in","00001a0000000000"
"1233","USB","72","URB_INTERRUPT in","0000120000000000"
"1237","USB","72","URB_INTERRUPT in","00001a0000000000"
"1241","USB","72","URB_INTERRUPT in","00000a0000000000"
"1245","USB","72","URB_INTERRUPT in","0000120000000000"
"1249","USB","72","URB_INTERRUPT in","0000120000000000"
"1253","USB","72","URB_INTERRUPT in","0000070000000000"
"1257","USB","72","URB_INTERRUPT in","0000180000000000"
"1259","USB","72","URB_INTERRUPT in","0000181600000000"
"1261","USB","72","URB_INTERRUPT in","0000160000000000"
"1265","USB","72","URB_INTERRUPT in","0000050000000000"
"1269","USB","72","URB_INTERRUPT in","0000070000000000"
"1273","USB","72","URB_INTERRUPT in","0000080000000000"
"1277","USB","72","URB_INTERRUPT in","0000170000000000"
"1279","USB","72","URB_INTERRUPT in","0000170800000000"
"1281","USB","72","URB_INTERRUPT in","0000080000000000"
"1285","USB","72","URB_INTERRUPT in","0000060000000000"
"1289","USB","72","URB_INTERRUPT in","0000170000000000"
"1293","USB","72","URB_INTERRUPT in","00000c0000000000"
"1297","USB","72","URB_INTERRUPT in","0000190000000000"
"1299","USB","72","URB_INTERRUPT in","0000190800000000"
"1301","USB","72","URB_INTERRUPT in","0000080000000000"
"1305","USB","72","URB_INTERRUPT in","00001a0000000000"
"1307","USB","72","URB_INTERRUPT in","0000120000000000"
"1309","USB","72","URB_INTERRUPT in","0000150000000000"
"1311","USB","72","URB_INTERRUPT in","0000150e00000000"
"1313","USB","72","URB_INTERRUPT in","00000e0000000000"
"1317","USB","72","URB_INTERRUPT in","0000280000000000"
